time,time_gyro,seconds_elapsed_gyro,z_gyro,y_gyro,x_gyro,time_acce,seconds_elapsed_acce,z_acce,y_acce,x_acce
2022-10-24 11:55:12.528915700,,,,,,1.6666125125289157e+18,0.015915771484375,-2.890679359436035,4.470450878143311,3.49236798286438
2022-10-24 11:55:12.540707600,1.6666125125407076e+18,0.02770751953125,0.0365518853068351,0.0397476814687252,0.0892158970236778,1.6666125125789158e+18,0.065915771484375,-3.02339506149292,4.500814437866211,3.507778525352478
2022-10-24 11:55:12.628915700,1.6666125125887104e+18,0.07571032714843749,-0.0087218526750803,0.2187121044844389,0.06950850598514074,1.6666125126289157e+18,0.115915771484375,-3.1561107635498047,4.531177997589111,3.523189067840576
2022-10-24 11:55:12.636713200,1.6666125126367132e+18,0.123713134765625,-0.0539955906569957,0.3976765275001526,0.0498011149466037,1.6666125126789156e+18,0.165915771484375,-3.9164514541625977,4.627073049545288,3.653104543685913
2022-10-24 11:55:12.728915700,1.6666125126847114e+18,0.1717115478515625,0.04214452393352985,0.7771770060062408,-0.3890878539532423,1.6666125127289157e+18,0.215915771484375,-4.676792144775391,4.722968101501465,3.78302001953125
2022-10-24 11:55:12.732710000,1.66661251273271e+18,0.2197099609375,0.1382846385240554,1.156677484512329,-0.8279768228530884,1.666612512762249e+18,0.24924894205729167,-4.00221061706543,4.477989673614502,3.2789838314056396
2022-10-24 11:55:12.828709000,1.666612512828709e+18,0.315709228515625,0.8008791208267212,2.628340244293213,-1.9640812873840328,1.666612512795582e+18,0.2825821126302083,-3.3276290893554688,4.233011245727539,2.7749476432800293
2022-10-24 11:55:12.828915200,1.666612512876711e+18,0.36371105957031247,0.7390937805175781,2.5447170734405518,-2.0730046033859253,1.6666125128289152e+18,0.315915283203125,-2.653047561645508,3.988032817840576,2.270911455154419
2022-10-24 11:55:12.924713000,1.666612512924713e+18,0.411712890625,0.6773084402084351,2.46109390258789,-2.1819279193878174,1.666612512878915e+18,0.3659151611328125,-0.017707347869873047,4.79042649269104,3.902731776237488
2022-10-24 11:55:12.928915000,1.666612512972711e+18,0.45971105957031255,-0.061718761920928955,1.6536234021186826,-1.4791196882724762,1.666612512928915e+18,0.4159150390625,2.6176328659057617,5.592820167541504,5.534552097320557
2022-10-24 11:55:13.020709000,1.666612513020709e+18,0.507709228515625,-0.800745964050293,0.8461529016494751,-0.776311457157135,1.6666125129789148e+18,0.46591491699218746,2.2897942066192627,3.5033541917800903,3.5589343309402466
2022-10-24 11:55:13.028914700,1.666612513068711e+18,0.5557109375,0.06265085935592651,-0.22124207019805908,-0.29214876890182495,1.6666125130289147e+18,0.515914794921875,1.961955547332764,1.4138882160186768,1.5833165645599363
2022-10-24 11:55:13.116712700,1.6666125131167127e+18,0.603712646484375,0.926047682762146,-1.2886370420455933,0.1920139193534851,1.6666125130789146e+18,0.5659146728515625,2.625993490219116,2.19874906539917,2.6135445833206177
2022-10-24 11:55:13.128914400,1.666612513164711e+18,0.6517110595703125,0.05972138047218323,-0.45453500747680664,0.5097290575504303,1.6666125131289144e+18,0.61591455078125,3.2900314331054688,2.983609914779663,3.643772602081299
2022-10-24 11:55:13.212709400,1.6666125132127094e+18,0.69970947265625,-0.8066049218177795,0.37956702709198,0.8274441957473755,1.6666125131789143e+18,0.665914306640625,1.307138442993164,3.153605341911316,3.7323769330978394
2022-10-24 11:55:13.228914200,1.6666125132607094e+18,0.7477093505859376,-0.5671867430210114,0.19820576068013904,1.0705907940864563,1.6666125132289142e+18,0.7159140625,-0.6757545471191406,3.3236007690429688,3.82098126411438
2022-10-24 11:55:13.308709000,1.666612513308709e+18,0.795709228515625,-0.3277685642242431,0.0168444942682981,1.313737392425537,1.666612513278914e+18,0.7659140625,0.1792621612548828,3.2891714572906494,4.214437127113342
2022-10-24 11:55:13.328914200,1.6666125133567114e+18,0.8437113037109375,-0.3088601231575012,0.1366867488250136,1.0423612594604492,1.6666125133289142e+18,0.8159140625,1.0342788696289062,3.25474214553833,4.607892990112305
2022-10-24 11:55:13.404713500,1.6666125134047135e+18,0.89171337890625,-0.2899516820907593,0.2565290033817291,0.7709851264953613,1.6666125133802383e+18,0.8672382812499999,0.4192681312561035,3.6342923641204834,4.406827211380005
2022-10-24 11:55:13.431562500,1.666612513452788e+18,0.9397879638671875,-0.3014032691717148,-0.0063250064849853516,0.4759068861603737,1.6666125134315625e+18,0.9185625,-0.1957426071166992,4.013842582702637,4.205761432647705
2022-10-24 11:55:13.500862500,1.6666125135008625e+18,0.987862548828125,-0.3128548562526703,-0.2691790163516998,0.180828645825386,1.6666125134815626e+18,0.9685625,-0.15525674819946284,4.246735334396362,4.270724058151245
2022-10-24 11:55:13.531562500,1.666612513548864e+18,1.0358641357421874,-0.21644842252135274,-0.09793775156140327,0.15765914320945734,1.6666125135315625e+18,1.0185625,-0.1147708892822265,4.479628086090088,4.335686683654785
2022-10-24 11:55:13.596865800,1.6666125135968658e+18,1.08386572265625,-0.1200419887900352,0.0733035132288932,0.1344896405935287,1.6666125135815634e+18,1.068563232421875,0.11029863357543947,4.454340696334839,4.2025182247161865
2022-10-24 11:55:13.631564000,1.666612513644865e+18,1.1318651123046877,-0.034554516896605506,0.010719224810600253,0.4593953117728233,1.666612513631564e+18,1.11856396484375,0.3353681564331054,4.42905330657959,4.069349765777588
2022-10-24 11:55:13.692864500,1.6666125136928645e+18,1.179864501953125,0.0509329549968242,-0.0518650636076927,0.7843009829521179,1.6666125136815642e+18,1.16856396484375,1.0180001258850098,4.5719709396362305,3.833625078201294
2022-10-24 11:55:13.731564000,1.6666125137408635e+18,1.2278636474609375,0.2943458911031484,0.19500998035073283,1.4112090766429901,1.666612513731564e+18,1.21856396484375,1.700632095336914,4.714888572692871,3.597900390625
2022-10-24 11:55:13.788862700,1.6666125137888627e+18,1.27586279296875,0.5377588272094727,0.4418850243091583,2.0381171703338623,1.666612513781564e+18,1.2685639648437501,0.31758975982666016,4.466813564300537,3.7635657787323
2022-10-24 11:55:13.831564000,1.6666125138368645e+18,1.3238646240234375,0.46904926002025604,0.3555985987186432,1.9579560160636902,1.666612513831564e+18,1.31856396484375,-1.0654525756835938,4.218738555908203,3.9292311668396
2022-10-24 11:55:13.884866600,1.6666125138848666e+18,1.371866455078125,0.4003396928310394,0.269312173128128,1.877794861793518,1.6666125138815642e+18,1.36856396484375,-1.6290853023529053,3.086700916290283,4.498294830322266
2022-10-24 11:55:13.931564000,1.666612513932864e+18,1.4198637695312502,0.3422827869653702,0.0932772196829319,1.5270565748214722,1.666612513931564e+18,1.41856396484375,-2.192718029022217,1.9546632766723635,5.067358493804932
2022-10-24 11:55:13.980861200,1.6666125139808612e+18,1.467861083984375,0.2842258810997009,-0.0827577337622642,1.1763182878494265,1.666612513981564e+18,1.4685639648437498,-2.3256688117980957,1.2839431762695312,5.7304418087005615
2022-10-24 11:55:14.031564000,1.6666125140288645e+18,1.515864501953125,0.058123499155044556,-0.07343667000532145,0.8974853157997132,1.666612514031564e+18,1.51856396484375,-2.4586195945739746,0.6132230758666992,6.393525123596191
2022-10-24 11:55:14.076867800,1.6666125140768678e+18,1.563867919921875,-0.1679788827896118,-0.0641156062483787,0.61865234375,1.6666125140815642e+18,1.56856396484375,-2.1320114135742188,1.2685437202453613,5.943132638931274
2022-10-24 11:55:14.131564000,1.666612514124865e+18,1.6118651123046877,-0.2731737494468689,0.02323608100414276,0.39574575424194336,1.666612514131564e+18,1.61856396484375,-1.805403232574463,1.9238643646240237,5.492740154266357
2022-10-24 11:55:14.172862200,1.6666125141728622e+18,1.6598623046875,-0.378368616104126,0.1105877682566642,0.1728391647338867,1.6666125141815647e+18,1.668564697265625,-2.3346344232559204,2.580629587173462,5.231869220733643
2022-10-24 11:55:14.231565300,1.666612514220863e+18,1.707863037109375,-0.4332297444343567,0.10712565854191775,-0.07084007561206815,1.6666125142315653e+18,1.7185654296875,-2.863865613937378,3.2373948097229004,4.970998287200928
2022-10-24 11:55:14.268863700,1.6666125142688637e+18,1.75586376953125,-0.4880908727645874,0.1036635488271713,-0.314519315958023,1.6666125142815652e+18,1.7685654296875,-2.3247140645980835,3.8869526386260986,4.532721281051636
2022-10-24 11:55:14.331565300,1.666612514316865e+18,1.8038649902343749,-0.35466649383306503,0.0693087689578533,-0.3020024597644806,1.6666125143315653e+18,1.8185654296875,-1.785562515258789,4.536510467529297,4.094444274902344
2022-10-24 11:55:14.364866300,1.6666125143648663e+18,1.8518662109375,-0.2212421149015426,0.0349539890885353,-0.2894856035709381,1.6666125143815654e+18,1.8685654296875,-1.5334928035736084,4.806239366531372,4.061257839202881
2022-10-24 11:55:14.431565300,1.666612514412864e+18,1.89986376953125,-0.15066834166646,0.05226453766226766,-0.16724651306867594,1.6666125144315653e+18,1.9185654296875,-1.2814230918884275,5.075968265533447,4.028071403503418
2022-10-24 11:55:14.460861400,1.6666125144608614e+18,1.947861328125,-0.0800945684313774,0.069575086236,-0.0450074225664138,1.6666125144815652e+18,1.9685654296875001,-1.2026283740997314,4.832850456237793,3.7442281246185303
2022-10-24 11:55:14.531565300,1.6666125145088635e+18,1.9958634033203126,0.1089898683130741,0.0911466889083385,0.14407702535390857,1.6666125145315653e+18,2.0185654296875,-1.1238336563110352,4.589732646942139,3.4603848457336426
2022-10-24 11:55:14.556865500,1.6666125145568655e+18,2.043865478515625,0.2980743050575256,0.112718291580677,0.3331614732742309,1.6666125145815654e+18,2.0685654296875002,-1.1217799186706543,3.6457715034484863,3.5098254680633545
2022-10-24 11:55:14.631565300,1.666612514604864e+18,2.0918638916015624,0.30686274170875544,0.23096265271306038,0.3464772701263428,1.6666125146315653e+18,2.1185654296875,-1.1197261810302734,2.701810359954834,3.5592660903930664
2022-10-24 11:55:14.652862200,1.6666125146528622e+18,2.1398623046875,0.3156511783599853,0.3492070138454437,0.3597930669784546,1.6666125146815652e+18,2.1685654296875,-1.3655622005462646,1.2608463764190674,3.40571928024292
2022-10-24 11:55:14.731565300,1.6666125147008627e+18,2.18786279296875,0.2615890055894851,0.2296310737729072,0.27723507583141327,1.6666125147315653e+18,2.2185654296875,-1.611398220062256,-0.1801176071166992,3.252172470092773
2022-10-24 11:55:14.748863200,1.6666125147488632e+18,2.23586328125,0.2075268328189849,0.1100551337003707,0.1946770846843719,1.666612514781565e+18,2.2685650634765624,-1.5804307460784912,-0.14730787277221674,2.9463298320770264
2022-10-24 11:55:14.831564800,1.666612514796864e+18,2.2838641357421876,0.07649930380284786,0.1015330180525779,0.1163801439106464,1.6666125148315648e+18,2.318564697265625,-1.5494632720947266,-0.1144981384277343,2.6404871940612797
2022-10-24 11:55:14.844865000,1.666612514844865e+18,2.331864990234375,-0.0545282252132892,0.0930109024047851,0.0380832031369209,1.6666125148815647e+18,2.368564697265625,-1.8447667360305786,0.0014667510986328541,2.845819115638733
2022-10-24 11:55:14.931564800,1.666612514892863e+18,2.379863037109375,-0.11657987721264354,0.06611297465860841,-0.14381070062518123,1.6666125149315648e+18,2.418564697265625,-2.1400701999664307,0.117431640625,3.0511510372161865
2022-10-24 11:55:14.940861200,1.6666125149408612e+18,2.427861083984375,-0.1786315292119979,0.0392150469124317,-0.3257046043872833,1.6666125149815647e+18,2.4685645751953125,-1.8177552223205566,0.473560094833374,3.0432372093200684
2022-10-24 11:55:15.031564500,1.6666125149888635e+18,2.4758635253906247,-0.25932531803846354,-0.01165133155882355,-0.4159857779741287,1.6666125150315645e+18,2.518564453125,-1.4954402446746826,0.829688549041748,3.03532338142395
2022-10-24 11:55:15.036866000,1.666612515036866e+18,2.523865966796875,-0.3400191068649292,-0.0625177100300788,-0.5062669515609741,1.6666125150815647e+18,2.568564453125,-0.8390401601791382,0.7485182285308838,1.9250372350215912
2022-10-24 11:55:15.131564500,1.6666125150848645e+18,2.571864501953125,-0.3767707198858261,-0.1424125395715236,-0.519050121307373,1.6666125151315645e+18,2.618564453125,-0.1826400756835937,0.6673479080200195,0.8147510886192322
2022-10-24 11:55:15.132863000,1.666612515132863e+18,2.619863037109375,-0.413522332906723,-0.2223073691129684,-0.531833291053772,1.6666125151648978e+18,2.651897786458333,-0.06558036804199217,0.7467536926269531,0.5190309683481853
2022-10-24 11:55:15.228864300,1.6666125152288643e+18,2.7158642578125,-0.2473410964012146,-0.1994041949510574,-0.3470098972320556,1.6666125151982313e+18,2.6852311197916667,0.05147933959960935,0.8261594772338868,0.2233108480771383
2022-10-24 11:55:15.231564500,1.666612515276865e+18,2.7638651123046873,-0.19967050850391385,-0.15279887244105336,-0.2452771440148353,1.6666125152315645e+18,2.718564453125,0.1685390472412109,0.9055652618408204,-0.0724092721939086
2022-10-24 11:55:15.324866000,1.666612515324866e+18,2.811865966796875,-0.1519999206066131,-0.1061935499310493,-0.143544390797615,1.6666125152815647e+18,2.768564453125,0.14459371566772455,1.0141878128051758,-0.2473438382148742
2022-10-24 11:55:15.331564500,1.6666125153728635e+18,2.859863525390625,-0.11444934830069535,-0.051598746795207255,-0.03355583176016805,1.6666125153315645e+18,2.818564453125,0.1206483840942382,1.1228103637695312,-0.4222784042358398
2022-10-24 11:55:15.420861200,1.6666125154208612e+18,2.907861083984375,-0.0768987759947776,0.0029960563406348,0.0764327272772789,1.6666125153815644e+18,2.868564453125,0.053075551986694294,0.938629150390625,-0.3897340893745422
2022-10-24 11:55:15.431564500,1.666612515468864e+18,2.9558638916015623,-0.0484029529616236,-0.0007323692552745,0.09880327805876729,1.6666125154315645e+18,2.918564453125,-0.0144972801208496,0.7544479370117188,-0.3571897745132446
2022-10-24 11:55:15.516866800,1.6666125155168668e+18,3.00386669921875,-0.0199071299284696,-0.0044607948511838,0.1211738288402557,1.6666125154815647e+18,2.9685644531250004,0.1648564338684082,0.9624171257019043,-0.32955604791641235
2022-10-24 11:55:15.531564500,1.6666125155648645e+18,3.0518643798828125,0.0354866208508611,-0.01378185860812655,0.13848438113927838,1.6666125155315645e+18,3.018564453125,0.344210147857666,1.1703863143920898,-0.3019223213195801
2022-10-24 11:55:15.612862000,1.666612515612862e+18,3.099862060546875,0.0908803716301918,-0.0231029223650693,0.1557949334383011,1.6666125155815644e+18,3.068564453125,0.19042778015136716,0.7144923210144043,-0.006507396697998047
2022-10-24 11:55:15.631564500,1.6666125156608627e+18,3.14786279296875,-0.0047271139919757565,0.0123171200975776,0.0015979036688804904,1.6666125156315645e+18,3.118564453125,0.0366454124450683,0.2585983276367187,0.288907527923584
2022-10-24 11:55:15.708863500,1.6666125157088635e+18,3.195863525390625,-0.1003345996141433,0.0477371625602245,-0.1525991261005401,1.6666125156815647e+18,3.1685644531249997,-0.21002483367919925,-0.241537094116211,0.17952066659927363
2022-10-24 11:55:15.731564500,1.6666125157568648e+18,3.2438647460937498,-0.1139167174696922,-0.040679784491658204,-0.0766990372212603,1.6666125157315645e+18,3.218564453125,-0.4566950798034668,-0.7416725158691406,0.0701338052749633
2022-10-24 11:55:15.804866000,1.666612515804866e+18,3.291865966796875,-0.1274988353252411,-0.1290967315435409,-0.0007989483419805,1.6666125157815644e+18,3.268564453125,-0.4977598190307617,-0.8173706531524658,0.13952457904815668
2022-10-24 11:55:15.831564500,1.6666125158528635e+18,3.3398634033203125,-0.044408209621906294,-0.09420932270586485,0.09028116229455921,1.6666125158315645e+18,3.318564453125,-0.5388245582580566,-0.893068790435791,0.2089153528213501
2022-10-24 11:55:15.900861000,1.666612515900861e+18,3.38786083984375,0.0386824160814285,-0.0593219138681888,0.1813612729310989,1.6666125158815647e+18,3.368564453125,-0.8562455177307129,-0.8415045738220215,0.48975688219070435
2022-10-24 11:55:15.931564500,1.6666125159488632e+18,3.4358631591796875,0.03175819665193555,-0.1064598653465509,0.030626352876424817,1.6666125159315645e+18,3.418564453125,-1.1736664772033691,-0.789940357208252,0.7705984115600586
2022-10-24 11:55:15.996865500,1.6666125159968655e+18,3.483865478515625,0.0248339772224426,-0.153597816824913,-0.1201085671782493,1.6666125159815644e+18,3.4685644531250004,-0.791067361831665,-0.7329533100128174,0.46076226234436035
2022-10-24 11:55:16.031564500,1.6666125160448645e+18,3.5318646240234375,0.06504771113395685,-0.11604724451899526,-0.17204021289944643,1.6666125160315645e+18,3.518564453125,-0.4084682464599609,-0.6759662628173828,0.1509261131286621
2022-10-24 11:55:16.092863700,1.6666125160928637e+18,3.57986376953125,0.1052614450454711,-0.0784966722130775,-0.2239718586206436,1.6666125160815647e+18,3.568564453125,0.08050727844238287,-0.5014674663543701,0.6374755501747131
2022-10-24 11:55:16.131564500,1.6666125161408635e+18,3.627863525390625,-0.07183877378702165,-0.08435562625527375,-0.1475391313433647,1.6666125161315645e+18,3.618564453125,0.5694828033447266,-0.3269686698913574,1.1240249872207642
2022-10-24 11:55:16.188863200,1.6666125161888632e+18,3.67586328125,-0.2489389926195144,-0.09021458029747,-0.0711064040660858,1.6666125161815644e+18,3.6685644531249997,0.464231014251709,0.5162332057952881,0.5138121247291565
2022-10-24 11:55:16.231564500,1.666612516236865e+18,3.723865234375,-0.23881898075342176,-0.1586578264832496,-0.11504856497049329,1.6666125162315645e+18,3.718564453125,0.3589792251586914,1.3594350814819336,-0.0964007377624511
2022-10-24 11:55:16.284867000,1.666612516284867e+18,3.7718671875,-0.2286989688873291,-0.2271010726690292,-0.1589907258749008,1.6666125162815647e+18,3.768564453125,0.28386878967285156,1.7309305667877197,-0.4078006148338318
2022-10-24 11:55:16.331564500,1.6666125163328643e+18,3.8198642578125,-0.1147156691004056,-0.11231882427819076,0.0053263157606125155,1.6666125163315645e+18,3.818564453125,0.2087583541870117,2.102426052093506,-0.7192004919052124
2022-10-24 11:55:16.380861400,1.6666125163808614e+18,3.867861328125,-0.0007323693134821,0.0024634241126477,0.1696433573961258,1.6666125163815644e+18,3.868564453125,0.623934268951416,2.25638747215271,-0.906161367893219
2022-10-24 11:55:16.431564500,1.6666125164288635e+18,3.915863525390625,0.17077520137536342,0.0032623724546282998,0.4585963562130928,1.6666125164315645e+18,3.918564453125,1.0391101837158203,2.410348892211914,-1.0931222438812256
2022-10-24 11:55:16.476865800,1.6666125164768658e+18,3.96386572265625,0.342282772064209,0.0040613207966089,0.7475493550300598,1.6666125164815647e+18,3.9685644531250004,0.9631783962249756,1.6905903816223145,-0.8647498488426208
2022-10-24 11:55:16.531564500,1.6666125165248635e+18,4.011863403320312,0.4301671087741852,0.0429434748366475,0.9997507035732269,1.6666125165315645e+18,4.018564453125,0.8872466087341309,0.9708318710327148,-0.6363774538040161
2022-10-24 11:55:16.572861200,1.6666125165728612e+18,4.059861083984375,0.5180514454841614,0.0818256288766861,1.251952052116394,1.6666125165815644e+18,4.068564208984375,0.058565735816955566,-0.2725942134857178,-0.0017224252223968506
2022-10-24 11:55:16.631564000,1.6666125166208622e+18,4.107862182617188,0.39980708062648773,0.08315720781683919,0.9233179688453674,1.666612516631564e+18,4.11856396484375,-0.7701151371002197,-1.5160202980041504,0.6329326033592224
2022-10-24 11:55:16.668863200,1.6666125166688632e+18,4.15586328125,0.2815627157688141,0.0844887867569923,0.5946838855743408,1.6666125166815642e+18,4.1685639648437505,-0.7832406759262085,-2.107255697250366,0.597712367773056
2022-10-24 11:55:16.731564000,1.6666125167168648e+18,4.20386474609375,0.15905730053782458,0.10339723154902455,0.4362258017063141,1.666612516731564e+18,4.21856396484375,-0.7963662147521973,-2.698491096496582,0.5624921321868896
2022-10-24 11:55:16.764866300,1.6666125167648663e+18,4.2518662109375,0.0365518853068351,0.1223056763410568,0.2777677178382873,1.666612516781564e+18,4.26856396484375,-0.9772733449935913,-2.277899980545044,0.35722842812538147
2022-10-24 11:55:16.831564000,1.666612516812864e+18,4.2998640136718755,-0.009254485368728652,0.021638184785842896,-0.13848438858985906,1.666612516831564e+18,4.31856396484375,-1.1581804752349854,-1.8573088645935056,0.1519647240638733
2022-10-24 11:55:16.860861700,1.6666125168608617e+18,4.34786181640625,-0.0550608560442924,-0.079029306769371,-0.5547364950180054,1.6666125168815642e+18,4.36856396484375,-0.7824164628982544,-1.5379915237426758,0.20821350812911985
2022-10-24 11:55:16.931564000,1.666612516908864e+18,4.395864013671876,-0.0886166878044605,-0.023369239643216154,-0.5680522918701172,1.666612516931564e+18,4.41856396484375,-0.4066524505615234,-1.2186741828918457,0.2644622921943664
2022-10-24 11:55:16.956866300,1.6666125169568663e+18,4.4438662109375,-0.1221725195646286,0.0322908274829387,-0.581368088722229,1.666612516981564e+18,4.468563964843749,-0.09731793403625488,-0.4842965602874756,0.306061714887619
2022-10-24 11:55:17.031564000,1.6666125170048645e+18,4.491864501953125,-0.16904415190219874,-0.059055598452687305,-0.6500776410102844,1.666612517031564e+18,4.51856396484375,0.2120165824890136,0.2500810623168945,0.3476611375808716
2022-10-24 11:55:17.052862700,1.6666125170528627e+18,4.53986279296875,-0.2159157842397689,-0.1504020243883133,-0.7187871932983398,1.6666125170815642e+18,4.56856396484375,0.3645665645599365,0.9912066459655762,0.09198623895645142
2022-10-24 11:55:17.131564000,1.6666125171008627e+18,4.58786279296875,-0.1336241085082292,-0.16211993247270584,-0.574177548289299,1.666612517131564e+18,4.61856396484375,0.5171165466308594,1.7323322296142578,-0.1636886596679687
2022-10-24 11:55:17.148862700,1.6666125171488627e+18,4.63586279296875,-0.0513324327766895,-0.1738378405570984,-0.4295679032802582,1.6666125171815642e+18,4.6685640869140625,0.5130114555358887,2.1216773986816406,-0.315165638923645
2022-10-24 11:55:17.231564300,1.666612517196865e+18,4.683865112304687,-0.0974051225930452,-0.05372927337884904,-0.1973402462899685,1.6666125172315643e+18,4.718564208984375,0.508906364440918,2.5110225677490234,-0.4666426181793213
2022-10-24 11:55:17.244867300,1.6666125172448673e+18,4.731867431640625,-0.1434778124094009,0.0663792937994003,0.0348874107003212,1.6666125172815642e+18,4.768564208984375,0.658475399017334,2.1408700942993164,-0.4706611633300781
2022-10-24 11:55:17.331564300,1.6666125172928643e+18,4.7798642578125,0.04773715883493426,0.023768714629113702,0.27590348199009895,1.6666125173315643e+18,4.818564208984375,0.80804443359375,1.7707176208496094,-0.4746797084808349
2022-10-24 11:55:17.340861200,1.6666125173408612e+18,4.827861083984375,0.2389521300792694,-0.0188418645411729,0.5169195532798767,1.6666125173815644e+18,4.868564208984375,0.37541723251342773,0.7965779304504395,-0.1476149559020996
2022-10-24 11:55:17.431564300,1.666612517388863e+18,4.87586279296875,0.22377211600542066,-0.01511343941092485,0.4391552656888962,1.6666125174315643e+18,4.918564208984375,-0.0572099685668945,-0.1775617599487304,0.1794497966766357
2022-10-24 11:55:17.436864500,1.6666125174368645e+18,4.923864501953125,0.2085921019315719,-0.0113850142806768,0.3613909780979156,1.6666125174815642e+18,4.968564208984375,-0.16759777069091794,-0.8068482875823975,0.2004859149456024
2022-10-24 11:55:17.531564300,1.666612517484864e+18,4.971864013671875,0.23655528575181956,-0.12110725324600931,0.3326288312673569,1.6666125175315643e+18,5.018564208984375,-0.2779855728149414,-1.4361348152160645,0.2215220332145691
2022-10-24 11:55:17.532863500,1.6666125175328635e+18,5.019863525390625,0.2645184695720672,-0.2308294922113418,0.3038666844367981,1.6666125175648975e+18,5.051897542317708,-0.6308964093526204,-1.62491242090861,0.22052093346913654
2022-10-24 11:55:17.628861700,1.6666125176288617e+18,5.11586181640625,-0.024168187752366,-0.0199071299284696,0.1877528578042984,1.666612517598231e+18,5.085230875651042,-0.9838072458902993,-1.8136900266011555,0.21951983372370396
2022-10-24 11:55:17.631564300,1.6666125176768635e+18,5.163863403320312,-0.10033459682017559,-0.0310924062505364,-0.03355582803487775,1.6666125176315643e+18,5.118564208984375,-1.3367180824279783,-2.002467632293701,0.2185187339782714
2022-10-24 11:55:17.724865000,1.666612517724865e+18,5.211864990234375,-0.1765010058879852,-0.0422776825726032,-0.2548645138740539,1.6666125176815642e+18,5.168564208984375,-1.215899109840393,-1.7182235717773438,0.3495055139064789
2022-10-24 11:55:17.731564300,1.6666125177728625e+18,5.259862548828124,-0.11205250583589074,-0.11924304254353045,-0.3542004227638244,1.6666125177315643e+18,5.218564208984375,-1.0950801372528076,-1.4339795112609863,0.4804922938346863
2022-10-24 11:55:17.820860200,1.6666125178208602e+18,5.307860107421875,-0.0476040057837963,-0.1962084025144577,-0.4535363316535949,1.6666125177815644e+18,5.268564331054687,-0.7087045907974243,-1.0064301490783691,0.4414122998714447
2022-10-24 11:55:17.831564500,1.666612517868863e+18,5.355862915039062,-0.19674103520810599,-0.1410809643566608,-0.7041397988796234,1.6666125178315645e+18,5.318564453125,-0.322329044342041,-0.578880786895752,0.4023323059082031
2022-10-24 11:55:17.916865800,1.6666125179168658e+18,5.40386572265625,-0.3458780646324157,-0.0859535261988639,-0.954743266105652,1.6666125178815647e+18,5.368564453125,0.2500767707824707,0.0175325870513916,0.20840555429458615
2022-10-24 11:55:17.931564500,1.6666125179648635e+18,5.451863525390625,-0.3863581120967865,-0.0579903339967131,-0.7131945490837097,1.6666125179315645e+18,5.418564453125,0.8224825859069824,0.6139459609985352,0.0144788026809692
2022-10-24 11:55:18.012861400,1.6666125180128614e+18,5.499861328125,-0.4268381595611572,-0.0300271417945623,-0.4716458320617676,1.6666125179815644e+18,5.4685644531249995,0.9973156452178955,1.592954158782959,-0.14293032884597778
2022-10-24 11:55:18.031564500,1.6666125180608614e+18,5.547861328125,-0.23189475946128366,-0.016711336094886002,-0.19520970806479454,1.6666125180315645e+18,5.518564453125,1.1721487045288086,2.571962356567383,-0.3003394603729248
2022-10-24 11:55:18.108861400,1.6666125181088614e+18,5.595861328125,-0.0369513593614101,-0.0033955303952097,0.0812264159321785,1.6666125180815647e+18,5.568564453125,1.1227867603302002,2.615676164627075,-0.6161581873893738
2022-10-24 11:55:18.131564500,1.6666125181568632e+18,5.643863159179688,0.1603888738900423,-0.0710398270748555,0.16378441080451012,1.6666125181315645e+18,5.618564453125,1.0734248161315918,2.659389972686768,-0.9319769144058228
2022-10-24 11:55:18.204865000,1.666612518204865e+18,5.691864990234375,0.3577291071414947,-0.1386841237545013,0.2463424056768417,1.666612518181565e+18,5.668565063476562,0.81856369972229,1.5543611049652102,-0.4773145914077759
2022-10-24 11:55:18.231565600,1.6666125182528627e+18,5.739862670898438,0.3164501190185547,-0.005526065826415988,0.2463424056768417,1.6666125182315656e+18,5.718565673828125,0.5637025833129883,0.4493322372436523,-0.022652268409729
2022-10-24 11:55:18.300860400,1.6666125183008604e+18,5.7878603515625,0.2751711308956146,0.1276319921016693,0.2463424056768417,1.6666125182815657e+18,5.768565673828125,0.13169455528259277,-0.292301893234253,-0.011163234710693401
2022-10-24 11:55:18.331565600,1.6666125183488635e+18,5.83586328125,0.20033629983663556,0.08049404248595235,0.2798982337117195,1.6666125183315656e+18,5.818565673828125,-0.3003134727478027,-1.0339360237121582,0.0003257989883422
2022-10-24 11:55:18.396866300,1.6666125183968663e+18,5.8838662109375,0.1255014687776565,0.0333560928702354,0.3134540617465973,1.6666125183815654e+18,5.868565673828125,-0.9419547319412231,-1.430375337600708,0.3461762964725494
2022-10-24 11:55:18.431565600,1.666612518444864e+18,5.931864135742187,0.0072571150958538055,-0.01591238752007485,0.18615496158599848,1.6666125184315656e+18,5.918565673828125,-1.5835959911346436,-1.8268146514892576,0.6920267939567566
2022-10-24 11:55:18.492862000,1.666612518492862e+18,5.979862060546875,-0.1109872385859489,-0.0651808679103851,0.0588558614253997,1.6666125184815654e+18,5.968565551757813,-1.6358470916748047,-1.6170763969421387,0.5627261400222778
2022-10-24 11:55:18.531565300,1.6666125185408622e+18,6.0278623046875,-0.14507570490241045,-0.05772401764988895,-0.04527373611927035,1.6666125185315653e+18,6.0185654296875,-1.6880981922149658,-1.4073381423950195,0.4334254860877991
2022-10-24 11:55:18.588862500,1.6666125185888625e+18,6.075862548828125,-0.179164171218872,-0.0502671673893928,-0.1494033336639404,1.6666125185815654e+18,6.0685654296875,-1.040728211402893,-0.9449801445007324,0.14414623379707336
2022-10-24 11:55:18.631565300,1.6666125186368637e+18,6.1238637695312494,-0.1892841830849647,-0.1000682823359966,-0.14966965466737744,1.6666125186315653e+18,6.1185654296875,-0.3933582305908203,-0.4826221466064453,-0.1451330184936523
2022-10-24 11:55:18.684865000,1.666612518684865e+18,6.171864990234375,-0.1994041949510574,-0.1498693972826004,-0.1499359756708145,1.6666125186815652e+18,6.1685654296875,-0.371307373046875,-0.03395271301269531,-0.2454666495323181
2022-10-24 11:55:18.731565300,1.666612518732863e+18,6.219862915039062,-0.18715365231037134,-0.093676695600152,-0.2953445687890053,1.6666125187315653e+18,6.2185654296875,-0.3492565155029297,0.4147167205810547,-0.3458002805709839
2022-10-24 11:55:18.780861000,1.666612518780861e+18,6.26786083984375,-0.1749031096696853,-0.0374839939177036,-0.440753161907196,1.6666125187815654e+18,6.2685654296875,-0.10678625106811523,1.0155444145202637,-0.07455328106880188
2022-10-24 11:55:18.831565300,1.6666125188288632e+18,6.315863159179687,-0.2662495300173759,0.05306348763406275,-0.3765709847211838,1.6666125188315653e+18,6.3185654296875,0.1356840133666992,1.6163721084594729,0.1966937184333801
2022-10-24 11:55:18.876865500,1.6666125188768655e+18,6.363865478515625,-0.3575959503650665,0.1436109691858291,-0.3123888075351715,1.6666125188815652e+18,6.3685654296875,0.5687425136566162,2.0788674354553223,-0.4071974456310272
2022-10-24 11:55:18.931565300,1.6666125189248637e+18,6.41186376953125,-0.12163987755775449,0.09807091206312175,-0.13608753681182867,1.6666125189315653e+18,6.4185654296875,1.0018010139465332,2.541362762451172,-1.0110886096954346
2022-10-24 11:55:18.972862000,1.666612518972862e+18,6.459862060546875,0.1143161952495575,0.0525308549404144,0.0402137339115142,1.6666125189815654e+18,6.4685654296875,0.9283246994018555,1.9067916870117188,-0.6728994846343994
2022-10-24 11:55:19.031565300,1.666612519020862e+18,6.507861938476562,0.19341208040714264,0.106859341263771,0.2024002522230148,1.6666125190315653e+18,6.5185654296875,0.8548483848571777,1.2722206115722656,-0.3347103595733642
2022-10-24 11:55:19.068861700,1.6666125190688617e+18,6.55586181640625,0.2725079655647278,0.1611878275871276,0.3645867705345154,1.6666125190815652e+18,6.5685654296875,0.32179808616638184,0.23589444160461426,0.02440249919891363
2022-10-24 11:55:19.131565300,1.666612519116864e+18,6.603863891601563,0.22537001222372055,0.1255014687776565,0.18429075600579378,1.6666125191315653e+18,6.6185654296875,-0.211252212524414,-0.8004317283630371,0.3835153579711914
2022-10-24 11:55:19.164866000,1.666612519164866e+18,6.651865966796875,0.1782320588827133,0.0898151099681854,0.0039947414770722,1.6666125191815654e+18,6.6685654296875,-0.28352785110473633,-1.2283029556274414,0.34126195311546326
2022-10-24 11:55:19.231565300,1.666612519212863e+18,6.699862915039063,0.1699762567877769,-0.024168185889720903,0.1177117195911705,1.6666125192315653e+18,6.7185654296875,-0.3558034896850586,-1.6561741828918457,0.2990085482597351
2022-10-24 11:55:19.260860000,1.66661251926086e+18,6.74785986328125,0.1617204546928405,-0.1381514817476272,0.2314286977052688,1.6666125192815652e+18,6.7685654296875,-0.7250345945358277,-1.6194205284118652,0.48686501383781433
2022-10-24 11:55:19.331565300,1.6666125193088625e+18,6.795862548828126,0.060254018753767,-0.09926933050155635,0.1994707658886909,1.6666125193315653e+18,6.8185654296875,-1.094265699386597,-1.5826668739318848,0.6747214794158936
2022-10-24 11:55:19.356865300,1.6666125193568653e+18,6.843865234375,-0.0412124171853065,-0.0603871792554855,0.167512834072113,1.6666125193815654e+18,6.8685654296875,-0.7142840623855592,-1.4113976955413818,0.4166699945926666
2022-10-24 11:55:19.431565300,1.6666125194048637e+18,6.89186376953125,-0.09314406290650365,-0.15972309559583658,0.09614011645317075,1.6666125194315653e+18,6.9185654296875,-0.3343024253845215,-1.240128517150879,0.1586185097694397
2022-10-24 11:55:19.452862200,1.6666125194528622e+18,6.9398623046875,-0.1450757086277008,-0.2590590119361877,0.0247673988342285,1.6666125194815652e+18,6.9685654296875,-0.7715950012207031,-0.9016218185424805,0.2571370303630829
2022-10-24 11:55:19.531565300,1.6666125195008622e+18,6.9878623046875,-0.038016628473997144,-0.1812947019934654,0.17550231516361234,1.6666125195315653e+18,7.0185654296875,-1.2088875770568848,-0.563115119934082,0.3556555509567261
2022-10-24 11:55:19.548862200,1.6666125195488622e+18,7.0358623046875,0.0690424516797065,-0.1035303920507431,0.3262372314929962,1.6666125195815654e+18,7.0685654296875,-0.001941680908203125,0.44410181045532227,-0.14324137568473816
2022-10-24 11:55:19.631565300,1.6666125195968637e+18,7.08386376953125,-0.0076565891504288,-0.14294517785310745,0.08761800080537796,1.6666125196315653e+18,7.1185654296875,1.2050042152404783,1.4513187408447266,-0.6421383023262024
2022-10-24 11:55:19.644865300,1.6666125196448653e+18,7.131865234375,-0.0843556299805641,-0.1823599636554718,-0.1510012298822403,1.6666125196815652e+18,7.168565063476563,0.7333958148956298,1.7989201545715332,-0.32093492150306707
2022-10-24 11:55:19.731564800,1.6666125196928622e+18,7.179862182617187,-0.2268347479403019,0.0645150691270828,-0.03675162047147755,1.6666125197315648e+18,7.218564697265625,0.2617874145507812,2.14652156829834,0.0002684593200683
2022-10-24 11:55:19.740859100,1.6666125197408591e+18,7.227859130859375,-0.3693138659000397,0.3113901019096374,0.0774979889392852,1.666612519781565e+18,7.268564697265625,0.6802701950073242,2.401190757751465,-0.3310398459434509
2022-10-24 11:55:19.831564800,1.6666125197888625e+18,7.2758623046875,-0.016711339354515076,0.1571930791251361,0.24501082301139823,1.6666125198315648e+18,7.318564697265625,1.0987529754638672,2.65585994720459,-0.6623481512069702
2022-10-24 11:55:19.836865500,1.6666125198368655e+18,7.323865478515625,0.3358911871910095,0.0029960563406348,0.4125236570835113,1.6666125198815647e+18,7.368564697265625,0.2703455686569214,1.4831671714782715,-0.18971219658851624
2022-10-24 11:55:19.931564800,1.6666125198848637e+18,7.3718637695312506,0.43123236298561096,0.10366354836151,0.6058691591024399,1.6666125199315648e+18,7.418564697265625,-0.5580618381500244,0.3104743957519531,0.2829237580299377
2022-10-24 11:55:19.932862000,1.666612519932862e+18,7.419862060546875,0.5265735387802124,0.2043310403823852,0.7992146611213684,1.6666125199648986e+18,7.4518984375,-0.6061988671620687,-0.5530039469401041,0.7289108037948608
2022-10-24 11:55:20.028863000,1.666612520028863e+18,7.515863037109375,0.3060638010501861,0.1276319921016693,0.4380899965763092,1.666612519998232e+18,7.485232177734375,-0.6543358961741129,-1.4164822896321614,1.174897849559784
2022-10-24 11:55:20.031565800,1.6666125200768645e+18,7.563864501953125,0.13855096139013764,0.12709936499595642,0.28336033970117563,1.6666125200315658e+18,7.51856591796875,-0.7024729251861572,-2.2799606323242188,1.620884895324707
2022-10-24 11:55:20.124866000,1.666612520124866e+18,7.611865966796875,-0.0289618782699108,0.1265667378902435,0.1286306828260421,1.6666125200815657e+18,7.5685659179687494,-0.759864330291748,-2.3593339920043945,0.9848931580781937
2022-10-24 11:55:20.131565800,1.666612520172863e+18,7.659863037109375,-0.11418303661048411,0.004061322659254102,-0.09507485479116443,1.6666125201315658e+18,7.61856591796875,-0.8172557353973389,-2.4387073516845703,0.3489014208316803
2022-10-24 11:55:20.220860200,1.6666125202208602e+18,7.707860107421875,-0.1994041949510574,-0.1184440925717353,-0.3187803924083709,1.6666125201815654e+18,7.668565307617188,-0.7660061120986938,-1.8579366207122803,0.3327767848968506
2022-10-24 11:55:20.231564800,1.666612520268863e+18,7.755862915039062,-0.14081464707851404,-0.0526640121825039,-0.6668555587530136,1.6666125202315648e+18,7.718564697265625,-0.7147564888000488,-1.2771658897399902,0.3166521489620209
2022-10-24 11:55:20.316865800,1.6666125203168658e+18,7.80386572265625,-0.0822250992059707,0.0131160682067275,-1.0149307250976562,1.6666125202815647e+18,7.768564697265625,-0.2093515396118164,-1.1370487213134766,0.5025253742933273
2022-10-24 11:55:20.331564800,1.666612520364864e+18,7.851863891601562,-0.0710398238152265,-0.07796404184773564,-0.7582019865512848,1.6666125203315648e+18,7.818564697265625,0.296053409576416,-0.9969315528869628,0.6883985996246338
2022-10-24 11:55:20.412862000,1.666612520412862e+18,7.899862060546875,-0.0598545484244823,-0.1690441519021988,-0.5014732480049133,1.666612520381565e+18,7.868564697265625,0.010207176208496094,-0.15475106239318837,0.6812556385993958
2022-10-24 11:55:20.431564800,1.666612520460862e+18,7.947862182617188,-0.13149358145892615,-0.11045460775494574,-0.5779059827327728,1.6666125204315648e+18,7.918564697265625,-0.2756390571594238,0.6874294281005859,0.6741126775741577
2022-10-24 11:55:20.508862200,1.6666125205088622e+18,7.9958623046875,-0.20313261449337,-0.0518650636076927,-0.6543387174606323,1.6666125204815647e+18,7.9685646972656246,0.28717112541198736,1.387664794921875,0.28618741035461426
2022-10-24 11:55:20.531564800,1.6666125205568635e+18,8.043863403320312,-0.19620839506387705,0.00885501131415365,-0.4077299833297729,1.6666125205315648e+18,8.018564697265624,0.8499813079833984,2.087900161743164,-0.1017378568649292
2022-10-24 11:55:20.604864500,1.6666125206048645e+18,8.091864501953125,-0.1892841756343841,0.069575086236,-0.1611212491989135,1.666612520581565e+18,8.068564697265625,1.3176538944244385,2.261826992034912,-0.5914838910102844
2022-10-24 11:55:20.631564800,1.6666125206528625e+18,8.139862548828125,-0.007123954594135257,0.0594550725072622,0.1419464945793152,1.6666125206315648e+18,8.118564697265626,1.7853264808654783,2.43575382232666,-1.0812299251556396
2022-10-24 11:55:20.700860700,1.6666125207008607e+18,8.187860595703125,0.1750362664461136,0.0493350587785244,0.4450142383575439,1.6666125206815647e+18,8.168564697265627,0.9727928638458251,1.3762869834899902,-0.45124340057373047
2022-10-24 11:55:20.731564800,1.666612520748864e+18,8.235863891601563,0.13881727308034894,0.004593951627612149,0.41199102997779846,1.6666125207315648e+18,8.218564697265625,0.1602592468261718,0.3168201446533203,0.1787431240081787
2022-10-24 11:55:20.796867000,1.666612520796867e+18,8.2838671875,0.1025982797145843,-0.0401471555233001,0.378967821598053,1.666612520781565e+18,8.268564697265624,-0.17614054679870608,-0.2210688591003418,0.15561327338218686
2022-10-24 11:55:20.831564800,1.6666125208448645e+18,8.33186474609375,0.1055277585983276,-0.09447564184665674,0.3123888000845909,1.6666125208315648e+18,8.318564697265625,-0.512540340423584,-0.7589578628540039,0.132483422756195
2022-10-24 11:55:20.892862200,1.6666125208928622e+18,8.3798623046875,0.1084572374820709,-0.1488041281700134,0.2458097785711288,1.6666125208815647e+18,8.368564697265626,-0.7200714349746704,-1.0178489685058594,0.19350960850715634
2022-10-24 11:55:20.931564800,1.666612520940862e+18,8.427862182617186,0.08848352730274195,-0.1650494113564491,0.1965412944555282,1.6666125209315648e+18,8.418564697265625,-0.9276025295257568,-1.2767400741577148,0.2545357942581177
2022-10-24 11:55:20.988862000,1.666612520988862e+18,8.475862060546875,0.068509817123413,-0.1812946945428848,0.1472728103399276,1.666612520981565e+18,8.468564697265624,-0.9958363771438599,-1.5181927680969238,0.2793899476528168
2022-10-24 11:55:21.031564800,1.6666125210368635e+18,8.523863647460939,0.009121324867010103,-0.0659798178821802,0.13502226769924158,1.6666125210315648e+18,8.518564697265624,-1.064070224761963,-1.7596454620361328,0.3042441010475158
2022-10-24 11:55:21.084865300,1.6666125210848653e+18,8.571865234375,-0.0502671673893928,0.0493350587785244,0.1227717250585556,1.6666125210815647e+18,8.568564697265625,-1.1273058652877808,-1.6707251071929932,-0.10517328977584844
2022-10-24 11:55:21.131564800,1.6666125211328627e+18,8.619862670898438,-0.0587892830371856,0.0354866217821836,-0.07749799638986585,1.6666125211315648e+18,8.618564697265626,-1.1905415058135986,-1.5818047523498535,-0.5145906805992126
2022-10-24 11:55:21.180860200,1.6666125211808602e+18,8.667860107421875,-0.0673113986849784,0.0216381847858428,-0.2777677178382873,1.6666125211815642e+18,8.668564086914063,-0.22012531757354736,-0.3674886226654053,-0.5090446472167969
2022-10-24 11:55:21.231563500,1.666612521228863e+18,8.71586279296875,-0.16691362485289568,-0.03748399391770365,-0.29188247025012964,1.6666125212315635e+18,8.7185634765625,0.7502908706665039,0.846827507019043,-0.5034986138343811
2022-10-24 11:55:21.276865500,1.6666125212768655e+18,8.763865478515624,-0.266515851020813,-0.0966061726212501,-0.305997222661972,1.6666125212815636e+18,8.7685634765625,0.3007845878601074,1.3883733749389648,-0.28329306840896606
2022-10-24 11:55:21.331563500,1.6666125213248637e+18,8.81186376953125,-0.32537171244621277,0.08315720781683925,-0.31292143464088434,1.6666125213315635e+18,8.8185634765625,-0.148721694946289,1.9299192428588867,-0.063087522983551
2022-10-24 11:55:21.372862000,1.666612521372862e+18,8.859862060546876,-0.3842275738716125,0.2629205882549286,-0.3198456466197967,1.6666125213815634e+18,8.8685634765625,0.46872019767761236,2.34214448928833,-0.7091860473155975
2022-10-24 11:55:21.431563500,1.6666125214208614e+18,8.907861572265626,-0.06251770257949829,0.17050889506936068,-0.08335693925619125,1.6666125214315635e+18,8.9185634765625,1.0861620903015137,2.754369735717773,-1.355284571647644
2022-10-24 11:55:21.468861200,1.6666125214688612e+18,8.955861083984376,0.2591921687126159,0.0780972018837928,0.1531317681074142,1.6666125214815636e+18,8.968563720703125,0.5678215026855469,1.725666046142578,-0.6657161712646484
2022-10-24 11:55:21.531564000,1.666612521516863e+18,9.003863037109376,0.23176160454750055,0.19687419012188906,0.24314662069082255,1.666612521531564e+18,9.01856396484375,0.04948091506958,0.6969623565673828,0.0238522291183471
2022-10-24 11:55:21.564865000,1.666612521564865e+18,9.051864990234376,0.2043310403823852,0.3156511783599853,0.3331614732742309,1.666612521581564e+18,9.06856396484375,0.0008835792541503559,-0.23804855346679688,0.07057401537895194
2022-10-24 11:55:21.631564000,1.666612521612863e+18,9.099862915039063,0.2421479225158691,0.07490140944719315,0.3174488097429275,1.666612521631564e+18,9.11856396484375,-0.0477137565612793,-1.1730594635009766,0.1172958016395568
2022-10-24 11:55:21.660861000,1.666612521660861e+18,9.14786083984375,0.279964804649353,-0.165848359465599,0.3017361462116241,1.6666125216815642e+18,9.168563964843749,-0.3303873538970947,-1.4068069458007812,0.30278731882572174
2022-10-24 11:55:21.731564000,1.666612521708863e+18,9.195863037109376,0.08368983492255211,-0.09021458355709905,0.23089606314897534,1.666612521731564e+18,9.21856396484375,-0.6130609512329102,-1.640554428100586,0.4882788360118866
2022-10-24 11:55:21.756865300,1.6666125217568653e+18,9.243865234375,-0.1125851348042488,-0.0145808076485991,0.1600559800863266,1.666612521781564e+18,9.26856396484375,-0.9239319562911987,-1.4996418952941895,0.3796839565038681
2022-10-24 11:55:21.831564000,1.6666125218048635e+18,9.29186328125,-0.0816924665123224,-0.07689877925440666,0.0575242787599564,1.666612521831564e+18,9.31856396484375,-1.2348029613494873,-1.358729362487793,0.2710890769958496
2022-10-24 11:55:21.852861400,1.6666125218528614e+18,9.339861328125,-0.050799798220396,-0.1392167508602142,-0.0450074225664138,1.6666125218815642e+18,9.368563964843752,-0.8998862504959106,-1.1317777633666992,0.24215152859687805
2022-10-24 11:55:21.931564000,1.6666125219008614e+18,9.387861572265624,-0.10859039239585394,-0.0843556299805641,-0.14434333145618436,1.666612521931564e+18,9.41856396484375,-0.564969539642334,-0.9048261642456056,0.2132139801979065
2022-10-24 11:55:21.948861700,1.6666125219488617e+18,9.43586181640625,-0.1663809865713119,-0.029494509100914,-0.2436792403459549,1.666612521981564e+18,9.46856396484375,-0.48444080352783203,-0.3283824920654298,0.7306312024593353
2022-10-24 11:55:22.031564000,1.6666125219968635e+18,9.483863647460936,-0.15998940169811243,-0.02443450316786765,-0.4002731218934059,1.666612522031564e+18,9.51856396484375,-0.4039120674133301,0.2480611801147461,1.2480484247207642
2022-10-24 11:55:22.044865500,1.6666125220448655e+18,9.531865478515623,-0.153597816824913,-0.0193744972348213,-0.5568670034408569,1.6666125220815642e+18,9.56856396484375,-0.04300189018249512,0.9008326530456543,0.780879020690918
2022-10-24 11:55:22.131564000,1.666612522092863e+18,9.579862792968749,-0.23322633653879166,0.036551885306835154,-0.46259109675884247,1.666612522131564e+18,9.61856396484375,0.3179082870483398,1.5536041259765625,0.3137096166610718
2022-10-24 11:55:22.140860200,1.6666125221408602e+18,9.627860107421874,-0.3128548562526703,0.0924782678484916,-0.368315190076828,1.666612522181564e+18,9.668563964843749,0.34907484054565424,1.8410124778747559,-0.32740652561187744
2022-10-24 11:55:22.231564000,1.666612522188862e+18,9.675861816406249,-0.19461050257086748,0.09993512183427805,-0.19840550702065224,1.666612522231564e+18,9.71856396484375,0.3802413940429687,2.128420829772949,-0.9685226678848268
2022-10-24 11:55:22.236863500,1.6666125222368635e+18,9.723863525390623,-0.0763661488890647,0.1073919758200645,-0.0284958239644765,1.6666125222815642e+18,9.76856396484375,0.6377627849578857,1.7614669799804688,-0.6042191386222839
2022-10-24 11:55:22.331564000,1.666612522284862e+18,9.771862060546873,0.0384160988032818,0.11671303585171694,0.1882854970172048,1.666612522331564e+18,9.81856396484375,0.8952841758728027,1.3945131301879885,-0.2399156093597412
2022-10-24 11:55:22.332860700,1.6666125223328607e+18,9.819860595703124,0.1531983464956283,0.1260340958833694,0.4050668179988861,1.6666125223648973e+18,9.851897298177084,0.817137082417806,1.0142211914062502,-0.1706176996231079
2022-10-24 11:55:22.428861400,1.6666125224288614e+18,9.915861328125,0.2682469189167022,-0.024168187752366,0.5845638513565063,1.6666125223982308e+18,9.885230631510417,0.7389899889628092,0.6339292526245118,-0.10131978988647461
2022-10-24 11:55:22.431564000,1.6666125224768635e+18,9.96386328125,0.20885841548442835,-0.0220376588404178,0.6098638772964478,1.666612522431564e+18,9.91856396484375,0.6608428955078125,0.2536373138427734,-0.0320218801498413
2022-10-24 11:55:22.524865300,1.6666125225248653e+18,10.011865234375,0.1494699120521545,-0.0199071299284696,0.6351639032363892,1.6666125224815642e+18,9.96856396484375,0.12688541412353516,-0.1377034187316895,0.13316303491592404
2022-10-24 11:55:22.531564000,1.6666125225728625e+18,10.059862426757812,0.18409100919961924,-0.11418303754180666,0.5004079639911652,1.666612522531564e+18,10.01856396484375,-0.4070720672607422,-0.5290441513061523,0.2983479499816894
2022-10-24 11:55:22.620859600,1.6666125226208596e+18,10.107859619140624,0.218712106347084,-0.2084589451551437,0.3656520247459411,1.666612522581564e+18,10.06856396484375,-0.7572879791259766,-0.837862253189087,0.5648748278617859
2022-10-24 11:55:22.631564000,1.666612522668862e+18,10.155862060546875,0.1175119839608669,-0.11764514725655316,0.21784657984971995,1.666612522631564e+18,10.11856396484375,-1.107503890991211,-1.1466803550720217,0.8314017057418823
2022-10-24 11:55:22.716864500,1.6666125227168645e+18,10.203864501953126,0.0163118615746498,-0.0268313493579626,0.0700411349534988,1.6666125226815642e+18,10.168564208984375,-1.2140880823135376,-1.218677043914795,0.572295606136322
2022-10-24 11:55:22.731564500,1.666612522764863e+18,10.251863159179688,-0.0734366662800312,0.08848353195935485,0.045273737981915446,1.6666125227315645e+18,10.218564453125,-1.3206722736358645,-1.2906737327575684,0.3131895065307617
2022-10-24 11:55:22.812861700,1.6666125228128617e+18,10.29986181640625,-0.1631851941347122,0.2037984132766723,0.0205063410103321,1.6666125227815644e+18,10.268564453124998,-1.8385838270187382,-1.1337220668792725,0.12850168347358706
2022-10-24 11:55:22.831564500,1.666612522860862e+18,10.347862060546873,-0.15279886871576304,0.10446249926462765,-0.2830940391868353,1.6666125228315645e+18,10.318564453125,-2.3564953804016118,-0.9767704010009766,-0.0561861395835876
2022-10-24 11:55:22.908862200,1.6666125229088622e+18,10.3958623046875,-0.1424125432968139,0.005126585252583,-0.5866944193840027,1.6666125228815647e+18,10.368564453125,-1.5207110643386843,-0.24819612503051758,0.162008136510849
2022-10-24 11:55:22.931564500,1.6666125229568637e+18,10.44386376953125,-0.13282516226172442,-0.08595352387055755,-0.5656554400920868,1.6666125229315645e+18,10.418564453125,-0.6849267482757568,0.4803781509399414,0.3802024126052856
2022-10-24 11:55:23.004865300,1.6666125230048653e+18,10.491865234375,-0.1232377812266349,-0.1770336329936981,-0.5446164608001709,1.666612522981564e+18,10.46856396484375,-0.0660628080368042,0.8519210815429688,0.07125496864318842
2022-10-24 11:55:23.031563500,1.6666125230528625e+18,10.53986242675781,-0.15998940542340273,0.15586151182651523,-0.3257046118378639,1.6666125230315635e+18,10.5185634765625,0.5528011322021484,1.223464012145996,-0.2376924753189087
2022-10-24 11:55:23.100859600,1.6666125231008596e+18,10.587859619140623,-0.1967410296201706,0.4887566566467285,-0.1067927628755569,1.666612523081564e+18,10.568563842773438,0.043347835540771484,1.135293960571289,-0.5624948740005493
2022-10-24 11:55:23.131564300,1.6666125231008596e+18,10.587859619140623,-0.1967410296201706,0.4887566566467285,-0.1067927628755569,1.6666125231315643e+18,10.618564208984376,-0.4661054611206054,1.047123908996582,-0.8872972726821899
